snapshot_date,index_code,index_name,ticker,name,market,sector,open,high,low,close,volume,amount,change_pct,bps,per,pbr,eps,div,dps,fwd_per,member_yn,collected_at,source
2026-03-27,1028,KOSPI 200,000080,하이트진로,KOSPI,,16510,16740,16330,16730,132871,2200912080,1.15,16148.0,12.14,1.04,1378.0,,700.0,10.61,True,2026-03-29 23:36:01,krx_data_marketplace
2026-03-27,1028,KOSPI 200,000100,유한양행,KOSPI,,97900,100400,97100,100400,178711,17696528050,1.41,28030.0,106.47,3.58,943.0,,500.0,42.98,True,2026-03-29 23:36:01,krx_data_marketplace
2026-03-27,1028,KOSPI 200,000120,CJ대한통운,KOSPI,,107100,108200,104300,108200,41005,4358509350,0.19,197983.0,8.95,0.55,12088.0,,800.0,7.82,True,2026-03-29 23:36:01,krx_data_marketplace
2026-03-27,1028,KOSPI 200,000150,두산,KOSPI,,1166000,1230000,1132000,1203000,81128,96114039000,-2.91,83153.0,,14.47,,,2000.0,51.34,True,2026-03-29 23:36:01,krx_data_marketplace
2026-03-27,1028,KOSPI 200,000210,DL,KOSPI,,59400,63100,58300,62600,195279,11916690100,5.39,181662.0,15.86,0.34,3948.0,,1000.0,4.98,True,2026-03-29 23:36:01,krx_data_marketplace
2026-03-27,1028,KOSPI 200,000240,한국앤컴퍼니,KOSPI,,26450,27000,25800,26900,82234,2175044300,-0.74,47012.0,7.26,0.57,3703.0,,1000.0,4.3,True,2026-03-29 23:36:01,krx_data_marketplace
2026-03-27,1028,KOSPI 200,000270,기아,KOSPI,,150800,156300,149400,155800,832198,127589700150,0.71,141812.0,6.26,1.1,24893.0,,6500.0,7.0,True,2026-03-29 23:36:01,krx_data_marketplace
2026-03-27,1028,KOSPI 200,000660,SK하이닉스,KOSPI,,890000,934000,880000,922000,4520942,4088912609600,-1.18,107256.0,32.09,8.6,28732.0,,2204.0,4.79,True,2026-03-29 23:36:01,krx_data_marketplace
2026-03-27,1028,KOSPI 200,000670,영풍,KOSPI,,60900,60900,58100,59700,49178,2911064950,-1.97,196604.0,,0.3,,,5.0,,True,2026-03-29 23:36:01,krx_data_marketplace
2026-03-27,1028,KOSPI 200,000720,현대건설,KOSPI,,147400,150600,142600,149800,1149192,168140687850,-1.71,71394.0,,2.1,,,600.0,30.15,True,2026-03-29 23:36:01,krx_data_marketplace
2026-03-27,1028,KOSPI 200,000810,삼성화재,KOSPI,,443000,445500,432500,443000,192027,84308685250,-2.21,366202.0,9.08,1.21,48779.0,,19000.0,9.84,True,2026-03-29 23:36:01,krx_data_marketplace
2026-03-27,1028,KOSPI 200,000880,한화,KOSPI,,107100,112800,103900,111500,443414,48004228350,0.36,120412.0,13.37,0.93,8339.0,,800.0,8.94,True,2026-03-29 23:36:01,krx_data_marketplace
2026-03-27,1028,KOSPI 200,001040,CJ,KOSPI,,198400,207000,197000,206500,114355,23370011500,1.72,162804.0,68.99,1.27,2993.0,,3000.0,14.77,True,2026-03-29 23:36:01,krx_data_marketplace
2026-03-27,1028,KOSPI 200,001430,세아베스틸지주,KOSPI,,67500,69500,64500,69500,289625,19277379400,-1.0,54089.0,123.23,1.28,564.0,,1200.0,25.86,True,2026-03-29 23:36:01,krx_data_marketplace
2026-03-27,1028,KOSPI 200,001440,대한전선,KOSPI,,28150,28500,27000,28250,2199656,61060814325,-2.59,7931.0,69.07,3.56,409.0,,0.0,49.99,True,2026-03-29 23:36:01,krx_data_marketplace
2026-03-27,1028,KOSPI 200,001450,현대해상,KOSPI,,30900,31650,30650,31450,370011,11535790200,0.96,60491.0,2.9,0.52,10847.0,,0.0,4.57,True,2026-03-29 23:36:01,krx_data_marketplace
2026-03-27,1028,KOSPI 200,001680,대상,KOSPI,,20650,21000,20450,21000,158255,3285139500,1.94,39464.0,7.95,0.53,2642.0,,850.0,7.22,True,2026-03-29 23:36:01,krx_data_marketplace
2026-03-27,1028,KOSPI 200,001800,오리온홀딩스,KOSPI,,25000,25300,24250,25200,222240,5533049825,-0.98,39410.0,9.44,0.64,2670.0,,800.0,9.69,True,2026-03-29 23:36:01,krx_data_marketplace
2026-03-27,1028,KOSPI 200,002030,아세아,KOSPI,,276000,279500,266000,278500,4251,1164668000,0.0,689472.0,7.42,0.4,37523.0,,5330.0,,True,2026-03-29 23:36:01,krx_data_marketplace
2026-03-27,1028,KOSPI 200,002380,KCC,KOSPI,,506000,526000,498500,525000,26648,13612444500,0.0,685232.0,12.43,0.77,42230.0,,10000.0,9.9,True,2026-03-29 23:36:01,krx_data_marketplace
2026-03-27,1028,KOSPI 200,002790,아모레퍼시픽홀딩스,KOSPI,,27450,29400,27300,29350,194360,5588084575,5.39,37167.0,10.55,0.79,2782.0,,330.0,,True,2026-03-29 23:36:01,krx_data_marketplace
2026-03-27,1028,KOSPI 200,002840,미원상사,KOSPI,,137500,137500,132000,135800,3671,495338950,-1.24,86039.0,12.59,1.58,10790.0,,2000.0,,True,2026-03-29 23:36:01,krx_data_marketplace
2026-03-27,1028,KOSPI 200,003030,세아제강지주,KOSPI,,196000,196000,186000,191600,32977,6286694400,-0.21,495174.0,18.08,0.39,10599.0,,1800.0,,True,2026-03-29 23:36:01,krx_data_marketplace
2026-03-27,1028,KOSPI 200,003090,대웅,KOSPI,,23950,24950,23600,24850,78202,1910953825,1.64,24370.0,17.55,1.02,1416.0,,200.0,,True,2026-03-29 23:36:01,krx_data_marketplace
2026-03-27,1028,KOSPI 200,003230,삼양식품,KOSPI,,1160000,1250000,1160000,1183000,56494,68261932000,-0.42,109524.0,32.44,10.8,36468.0,,3300.0,15.83,True,2026-03-29 23:36:01,krx_data_marketplace
2026-03-27,1028,KOSPI 200,003240,태광산업,KOSPI,,1158000,1177000,1127000,1177000,1996,2302126000,-0.17,4668610.0,4.62,0.25,254899.0,,1750.0,,True,2026-03-29 23:36:01,krx_data_marketplace
2026-03-27,1028,KOSPI 200,003490,대한항공,KOSPI,,24550,25350,24500,25300,2218835,55622305600,1.4,28356.0,7.09,0.89,3566.0,,750.0,10.18,True,2026-03-29 23:36:01,krx_data_marketplace
2026-03-27,1028,KOSPI 200,003550,LG,KOSPI,,85800,89100,84800,89000,310858,27166813400,1.71,175634.0,23.98,0.51,3712.0,,3100.0,10.16,True,2026-03-29 23:36:01,krx_data_marketplace
2026-03-27,1028,KOSPI 200,003670,포스코퓨처엠,KOSPI,,195700,212500,190400,209000,450176,91264753500,4.5,37181.0,,5.62,,,0.0,340.66,True,2026-03-29 23:36:01,krx_data_marketplace
2026-03-27,1028,KOSPI 200,004000,롯데정밀화학,KOSPI,,53700,54300,49700,51800,150209,7697638950,0.39,92999.0,36.27,0.56,1428.0,,1400.0,8.58,True,2026-03-29 23:36:01,krx_data_marketplace
2026-03-27,1028,KOSPI 200,004020,현대제철,KOSPI,,34050,35150,33500,35000,435824,14948620750,0.14,143815.0,,0.24,,,750.0,13.78,True,2026-03-29 23:36:01,krx_data_marketplace
2026-03-27,1028,KOSPI 200,004170,신세계,KOSPI,,320000,338500,320000,337000,45141,15024000750,1.35,486461.0,28.62,0.69,11776.0,,4500.0,11.84,True,2026-03-29 23:36:01,krx_data_marketplace
2026-03-27,1028,KOSPI 200,004370,농심,KOSPI,,371000,375500,368000,375500,13403,5002415250,0.54,462077.0,13.8,0.81,27202.0,,5000.0,11.92,True,2026-03-29 23:36:01,krx_data_marketplace
2026-03-27,1028,KOSPI 200,004490,세방전지,KOSPI,,59900,60600,58700,60500,23118,1379635050,-0.17,111559.0,4.69,0.54,12887.0,,1100.0,,True,2026-03-29 23:36:01,krx_data_marketplace
2026-03-27,1028,KOSPI 200,004990,롯데지주,KOSPI,,30300,31050,30000,30950,318643,9750083100,0.65,87305.0,,0.35,,,1200.0,29.16,True,2026-03-29 23:36:01,krx_data_marketplace
2026-03-27,1028,KOSPI 200,005250,녹십자홀딩스,KOSPI,,14210,14260,13850,14260,77762,1093435690,1.13,21895.0,26.96,0.65,529.0,,500.0,,True,2026-03-29 23:36:01,krx_data_marketplace
2026-03-27,1028,KOSPI 200,005300,롯데칠성,KOSPI,,116000,117900,114600,117900,17043,1983694200,0.77,149082.0,20.06,0.79,5878.0,,3400.0,10.08,True,2026-03-29 23:36:01,krx_data_marketplace
2026-03-27,1028,KOSPI 200,005380,현대차,KOSPI,,472500,498500,467000,495000,1151726,556807290750,1.02,413568.0,10.4,1.2,47615.0,,12000.0,11.48,True,2026-03-29 23:36:01,krx_data_marketplace
2026-03-27,1028,KOSPI 200,005420,코스모화학,KOSPI,,14990,15600,14330,15400,236837,3551363390,1.78,5971.0,,2.58,,,0.0,,True,2026-03-29 23:36:01,krx_data_marketplace
2026-03-27,1028,KOSPI 200,005490,POSCO홀딩스,KOSPI,,335500,343000,327000,343000,276285,92752660500,0.15,732527.0,23.74,0.47,14451.0,,10000.0,13.93,True,2026-03-29 23:36:01,krx_data_marketplace
2026-03-27,1028,KOSPI 200,005830,DB손해보험,KOSPI,,172400,173600,166400,172900,334691,56920630329,-1.71,154832.0,5.61,1.12,30838.0,,6800.0,7.14,True,2026-03-29 23:36:01,krx_data_marketplace
2026-03-27,1028,KOSPI 200,005850,에스엘,KOSPI,,57700,60000,57000,59800,131691,7725069350,1.01,49934.0,7.48,1.2,7998.0,,1200.0,7.23,True,2026-03-29 23:36:01,krx_data_marketplace
2026-03-27,1028,KOSPI 200,005930,삼성전자,KOSPI,,172100,181700,172000,179700,29138966,5118700219500,-0.22,57951.0,36.3,3.1,4950.0,,1446.0,7.07,True,2026-03-29 23:36:01,krx_data_marketplace
2026-03-27,1028,KOSPI 200,005940,NH투자증권,KOSPI,,32350,35150,32150,34250,1078231,36343996800,3.01,23474.0,17.42,1.46,1966.0,,950.0,10.92,True,2026-03-29 23:36:01,krx_data_marketplace
2026-03-27,1028,KOSPI 200,006040,동원산업,KOSPI,,39550,40000,39000,40000,35892,1416264150,0.13,70584.0,21.05,0.57,1900.0,,1100.0,5.45,True,2026-03-29 23:36:01,krx_data_marketplace
2026-03-27,1028,KOSPI 200,006260,LS,KOSPI,,264000,270500,256500,268000,142220,37398839000,-3.25,167908.0,30.89,1.6,8677.0,,1650.0,16.77,True,2026-03-29 23:36:01,krx_data_marketplace
2026-03-27,1028,KOSPI 200,006280,녹십자,KOSPI,,147700,152100,145600,151000,30908,4627147150,1.82,109754.0,,1.38,,,1500.0,35.61,True,2026-03-29 23:36:01,krx_data_marketplace
2026-03-27,1028,KOSPI 200,006360,GS건설,KOSPI,,25200,26500,25200,26350,1920839,49831591775,0.38,51998.0,9.11,0.51,2893.0,,300.0,7.7,True,2026-03-29 23:36:01,krx_data_marketplace
2026-03-27,1028,KOSPI 200,006400,삼성SDI,KOSPI,,387500,409000,375000,405500,657568,259824926750,2.27,289386.0,46.22,1.4,8773.0,,1000.0,104.77,True,2026-03-29 23:36:01,krx_data_marketplace
2026-03-27,1028,KOSPI 200,006650,대한유화,KOSPI,,138600,138800,127500,133400,105782,13848474600,-3.19,292683.0,,0.46,,,1000.0,8.37,True,2026-03-29 23:36:01,krx_data_marketplace
2026-03-27,1028,KOSPI 200,006800,미래에셋증권,KOSPI,,63200,67200,62400,67100,2969987,193952002900,2.76,20573.0,43.63,3.26,1538.0,,250.0,22.46,True,2026-03-29 23:36:01,krx_data_marketplace
2026-03-27,1028,KOSPI 200,007070,GS리테일,KOSPI,,20700,21400,20050,21250,129668,2726372400,1.43,38375.0,850.0,0.55,25.0,,500.0,8.64,True,2026-03-29 23:36:01,krx_data_marketplace
2026-03-27,1028,KOSPI 200,007310,오뚜기,KOSPI,,360000,360000,355500,359500,4292,1536087250,-0.83,597176.0,8.98,0.6,40048.0,,9000.0,10.47,True,2026-03-29 23:36:01,krx_data_marketplace
2026-03-27,1028,KOSPI 200,007340,DN오토모티브,KOSPI,,40400,41150,38850,40750,283175,11390556075,-1.21,33645.0,6.55,1.21,6222.0,,1000.0,,True,2026-03-29 23:36:01,krx_data_marketplace
2026-03-27,1028,KOSPI 200,007660,이수페타시스,KOSPI,,110100,113000,106800,110500,878951,95906608850,-3.91,5037.0,97.01,21.94,1139.0,,150.0,29.3,True,2026-03-29 23:36:01,krx_data_marketplace
2026-03-27,1028,KOSPI 200,008730,율촌화학,KOSPI,,23550,24250,23000,23950,59332,1396161450,0.42,11731.0,,2.04,,,250.0,,True,2026-03-29 23:36:01,krx_data_marketplace
2026-03-27,1028,KOSPI 200,008770,호텔신라,KOSPI,,43300,48100,43200,47450,1313665,60401517500,13.11,33928.0,,1.4,,,0.0,22.19,True,2026-03-29 23:36:01,krx_data_marketplace
2026-03-27,1028,KOSPI 200,008930,한미사이언스,KOSPI,,37350,38700,36900,38400,102899,3889876325,1.19,12419.0,43.74,3.09,878.0,,300.0,,True,2026-03-29 23:36:01,krx_data_marketplace
2026-03-27,1028,KOSPI 200,009150,삼성전기,KOSPI,,436500,438500,418000,434000,700060,299397337000,-5.03,116340.0,48.29,3.73,8988.0,,1800.0,28.7,True,2026-03-29 23:36:01,krx_data_marketplace
2026-03-27,1028,KOSPI 200,009240,한샘,KOSPI,,42100,43000,41650,42900,17410,736056025,0.23,21124.0,4.68,2.03,9171.0,,8530.0,36.83,True,2026-03-29 23:36:01,krx_data_marketplace
2026-03-27,1028,KOSPI 200,009420,한올바이오파마,KOSPI,,63700,64300,60800,63300,402848,25127792300,-1.71,3316.0,,19.09,,,0.0,518.43,True,2026-03-29 23:36:01,krx_data_marketplace
2026-03-27,1028,KOSPI 200,009540,HD한국조선해양,KOSPI,,364000,369500,354000,367000,227372,82031314750,-2.13,156961.0,22.14,2.34,16578.0,,5100.0,7.16,True,2026-03-29 23:36:01,krx_data_marketplace
2026-03-27,1028,KOSPI 200,009830,한화솔루션,KOSPI,,34850,35650,33600,35650,5559359,191764588100,-3.13,54974.0,,0.65,,,300.0,34.17,True,2026-03-29 23:36:01,krx_data_marketplace
2026-03-27,1028,KOSPI 200,009970,영원무역홀딩스,KOSPI,,219500,224500,213500,222500,11972,2612612500,1.6,233944.0,7.73,0.95,28777.0,,5350.0,,True,2026-03-29 23:36:01,krx_data_marketplace
2026-03-27,1028,KOSPI 200,010060,OCI홀딩스,KOSPI,,179800,183900,170900,178800,151405,26632958750,-2.45,211976.0,35.22,0.84,5077.0,,2200.0,14.07,True,2026-03-29 23:36:01,krx_data_marketplace
2026-03-27,1028,KOSPI 200,010120,LS ELECTRIC,KOSPI,,803000,813000,762000,801000,171991,135021369000,-3.96,61908.0,99.16,12.94,8078.0,,2900.0,48.74,True,2026-03-29 23:36:01,krx_data_marketplace
2026-03-27,1028,KOSPI 200,010130,고려아연,KOSPI,,1490000,1490000,1415000,1483000,30379,44069932500,-4.08,403756.0,156.3,3.67,9488.0,,17500.0,23.68,True,2026-03-29 23:36:01,krx_data_marketplace
2026-03-27,1028,KOSPI 200,010140,삼성중공업,KOSPI,,25700,26150,25000,26000,3215404,82223057550,-1.33,4443.0,346.67,5.85,75.0,,0.0,17.16,True,2026-03-29 23:36:01,krx_data_marketplace
2026-03-27,1028,KOSPI 200,010950,S-Oil,KOSPI,,112500,112500,105100,109700,408328,43896569800,-2.32,74692.0,,1.47,,,125.0,11.01,True,2026-03-29 23:36:01,krx_data_marketplace
2026-03-27,1028,KOSPI 200,011070,LG이노텍,KOSPI,,298000,322500,296500,320500,466427,145694933500,5.78,226240.0,16.88,1.42,18985.0,,2090.0,12.03,True,2026-03-29 23:36:01,krx_data_marketplace
2026-03-27,1028,KOSPI 200,011170,롯데케미칼,KOSPI,,82300,83500,78100,82700,417729,33797701250,2.73,340367.0,,0.24,,,2000.0,,True,2026-03-29 23:36:01,krx_data_marketplace
2026-03-27,1028,KOSPI 200,011200,HMM,KOSPI,,19590,19710,19110,19660,1462587,28423461080,-0.76,31615.0,3.93,0.62,4999.0,,600.0,15.72,True,2026-03-29 23:36:01,krx_data_marketplace
2026-03-27,1028,KOSPI 200,011210,현대위아,KOSPI,,79300,81900,78200,81700,87075,6990894000,0.86,135016.0,18.08,0.61,4520.0,,1100.0,10.67,True,2026-03-29 23:36:01,krx_data_marketplace
2026-03-27,1028,KOSPI 200,011780,금호석유화학,KOSPI,,126000,126500,121700,126500,72366,8988586700,-1.17,232363.0,9.49,0.54,13328.0,,2200.0,8.75,True,2026-03-29 23:36:01,krx_data_marketplace
2026-03-27,1028,KOSPI 200,011790,SKC,KOSPI,,96000,98700,93900,98700,126598,12165974250,0.61,34412.0,,2.87,,,0.0,,True,2026-03-29 23:36:01,krx_data_marketplace
2026-03-27,1028,KOSPI 200,012330,현대모비스,KOSPI,,388000,411000,385500,408500,298310,120180428750,2.51,509212.0,9.09,0.8,44939.0,,6000.0,8.22,True,2026-03-29 23:36:01,krx_data_marketplace
2026-03-27,1028,KOSPI 200,012450,한화에어로스페이스,KOSPI,,1349000,1349000,1287000,1335000,205178,270677694500,-2.48,108184.0,29.02,12.34,46002.0,,3500.0,27.41,True,2026-03-29 23:36:01,krx_data_marketplace
2026-03-27,1028,KOSPI 200,0126Z0,삼성에피스홀딩스,KOSPI,,522000,531000,513000,531000,38514,20065691000,-0.38,,,,,,0.0,30.62,True,2026-03-29 23:36:01,krx_data_marketplace
2026-03-27,1028,KOSPI 200,012750,에스원,KOSPI,,86800,87500,85600,87200,57741,4996252100,-0.34,49117.0,16.68,1.78,5227.0,,2700.0,16.41,True,2026-03-29 23:36:01,krx_data_marketplace
2026-03-27,1028,KOSPI 200,014680,한솔케미칼,KOSPI,,277500,284000,265000,273000,49475,13327039250,-3.36,88053.0,24.86,3.1,10980.0,,2100.0,15.63,True,2026-03-29 23:36:01,krx_data_marketplace
2026-03-27,1028,KOSPI 200,014820,동원시스템즈,KOSPI,,25800,26250,25250,26250,41119,1059008650,-0.76,28545.0,10.61,0.92,2475.0,,600.0,,True,2026-03-29 23:36:01,krx_data_marketplace
2026-03-27,1028,KOSPI 200,015760,한국전력,KOSPI,,44150,44400,42200,43900,2748626,119273278525,-4.57,62177.0,8.07,0.71,5439.0,,213.0,2.53,True,2026-03-29 23:36:01,krx_data_marketplace
2026-03-27,1028,KOSPI 200,016360,삼성증권,KOSPI,,92000,98300,91600,97600,414979,39666493700,3.28,82018.0,9.69,1.19,10068.0,,3500.0,7.08,True,2026-03-29 23:36:01,krx_data_marketplace
2026-03-27,1028,KOSPI 200,017670,SK텔레콤,KOSPI,,78500,79900,77500,79900,823758,65032609950,-0.13,54952.0,13.82,1.45,5780.0,,3540.0,13.72,True,2026-03-29 23:36:01,krx_data_marketplace
2026-03-27,1028,KOSPI 200,017800,현대엘리베이터,KOSPI,,85000,87100,82900,87100,173687,14857185950,0.46,34751.0,17.17,2.51,5074.0,,5500.0,,True,2026-03-29 23:36:01,krx_data_marketplace
2026-03-27,1028,KOSPI 200,017960,한국카본,KOSPI,,41300,41550,39600,40500,540525,21767565900,-5.37,9636.0,98.06,4.2,413.0,,130.0,16.08,True,2026-03-29 23:36:01,krx_data_marketplace
2026-03-27,1028,KOSPI 200,018260,삼성에스디에스,KOSPI,,153700,156600,151700,156300,113250,17520964950,0.13,120661.0,15.97,1.3,9787.0,,2900.0,14.1,True,2026-03-29 23:36:01,krx_data_marketplace
2026-03-27,1028,KOSPI 200,018880,한온시스템,KOSPI,,3790,3940,3735,3940,6700521,25726701044,1.16,3909.0,,1.01,,,0.0,19.16,True,2026-03-29 23:36:01,krx_data_marketplace
2026-03-27,1028,KOSPI 200,021240,코웨이,KOSPI,,72600,73900,71500,73500,220156,16058806000,0.27,44478.0,9.37,1.65,7841.0,,2630.0,7.47,True,2026-03-29 23:36:01,krx_data_marketplace
2026-03-27,1028,KOSPI 200,022100,포스코DX,KOSPI,,29750,31150,28950,30550,434634,13020107800,0.66,3446.0,52.67,8.87,580.0,,125.0,,True,2026-03-29 23:36:01,krx_data_marketplace
2026-03-27,1028,KOSPI 200,023530,롯데쇼핑,KOSPI,,111500,116400,111200,114400,201593,23161807100,0.26,548412.0,,0.21,,,3800.0,11.71,True,2026-03-29 23:36:01,krx_data_marketplace
2026-03-27,1028,KOSPI 200,024110,기업은행,KOSPI,,23200,23700,22800,23550,1581913,36811215700,0.64,42570.0,7.58,0.55,3106.0,,1065.0,6.6,True,2026-03-29 23:36:01,krx_data_marketplace
2026-03-27,1028,KOSPI 200,026960,동서,KOSPI,,26850,27400,26700,27400,64774,1758497475,0.55,17172.0,17.19,1.6,1594.0,,890.0,,True,2026-03-29 23:36:01,krx_data_marketplace
2026-03-27,1028,KOSPI 200,028050,삼성E&A,KOSPI,,31600,33150,31050,33100,1781247,57338549400,0.61,21591.0,8.57,1.53,3862.0,,660.0,8.99,True,2026-03-29 23:36:01,krx_data_marketplace
2026-03-27,1028,KOSPI 200,028260,삼성물산,KOSPI,,267500,270500,258000,269000,683519,181003086500,-3.24,189865.0,19.74,1.42,13629.0,,2600.0,17.15,True,2026-03-29 23:36:01,krx_data_marketplace
2026-03-27,1028,KOSPI 200,028670,팬오션,KOSPI,,4810,4930,4755,4900,2405013,11645041703,-1.61,10576.0,9.76,0.46,502.0,,120.0,6.98,True,2026-03-29 23:36:01,krx_data_marketplace
2026-03-27,1028,KOSPI 200,029780,삼성카드,KOSPI,,53900,55100,53300,55000,125189,6771397950,0.92,79525.0,8.83,0.69,6228.0,,2800.0,9.53,True,2026-03-29 23:36:01,krx_data_marketplace
2026-03-27,1028,KOSPI 200,030000,제일기획,KOSPI,,19810,19890,19550,19830,363416,7156923500,0.0,14396.0,9.68,1.38,2049.0,,1230.0,9.61,True,2026-03-29 23:36:01,krx_data_marketplace
2026-03-27,1028,KOSPI 200,030200,KT,KOSPI,,59500,60800,58800,60800,273113,16383422150,1.84,65942.0,31.8,0.92,1912.0,,2000.0,10.08,True,2026-03-29 23:36:01,krx_data_marketplace
2026-03-27,1028,KOSPI 200,032640,LG유플러스,KOSPI,,15810,16370,15430,16100,1634597,26231493830,0.94,19906.0,18.48,0.81,871.0,,650.0,9.23,True,2026-03-29 23:36:01,krx_data_marketplace
2026-03-27,1028,KOSPI 200,032830,삼성생명,KOSPI,,218000,224500,215000,223000,310598,68418985000,0.45,171141.0,19.01,1.3,11732.0,,4500.0,18.05,True,2026-03-29 23:36:01,krx_data_marketplace
2026-03-27,1028,KOSPI 200,033780,KT&G,KOSPI,,155400,158200,153200,158000,165718,25927548800,1.61,85662.0,13.96,1.84,11314.0,,5400.0,14.87,True,2026-03-29 23:36:01,krx_data_marketplace
2026-03-27,1028,KOSPI 200,034020,두산에너빌리티,KOSPI,,97700,99200,95100,98100,3549743,344355383700,-2.78,11705.0,563.79,8.38,174.0,,0.0,151.08,True,2026-03-29 23:36:01,krx_data_marketplace
2026-03-27,1028,KOSPI 200,034220,LG디스플레이,KOSPI,,11350,11500,10930,11500,4167020,46636806660,-0.26,13085.0,,0.88,,,0.0,7.51,True,2026-03-29 23:36:01,krx_data_marketplace
2026-03-27,1028,KOSPI 200,034230,파라다이스,KOSPI,,16800,17840,16730,17830,767003,13443730190,4.94,18941.0,20.38,0.94,875.0,,150.0,15.37,True,2026-03-29 23:36:01,krx_data_marketplace
2026-03-27,1028,KOSPI 200,034730,SK,KOSPI,,326000,335500,315500,334000,108664,35489673250,-0.74,455927.0,,0.73,,,7000.0,7.04,True,2026-03-29 23:36:01,krx_data_marketplace
2026-03-27,1028,KOSPI 200,035250,강원랜드,KOSPI,,18140,18300,17940,18260,740646,13451649830,0.11,19379.0,8.09,0.94,2257.0,,1170.0,13.01,True,2026-03-29 23:36:01,krx_data_marketplace
2026-03-27,1028,KOSPI 200,035420,NAVER,KOSPI,,208000,213000,206000,212500,439328,92204026500,0.47,170953.0,16.73,1.24,12702.0,,1130.0,14.44,True,2026-03-29 23:36:01,krx_data_marketplace
2026-03-27,1028,KOSPI 200,035720,카카오,KOSPI,,47550,48800,46950,48800,1271649,61024342525,0.31,23100.0,387.3,2.11,126.0,,68.0,30.42,True,2026-03-29 23:36:01,krx_data_marketplace
2026-03-27,1028,KOSPI 200,036460,한국가스공사,KOSPI,,35400,35500,34600,35400,220082,7707993050,-1.67,124079.0,2.69,0.29,13174.0,,1455.0,4.12,True,2026-03-29 23:36:01,krx_data_marketplace
2026-03-27,1028,KOSPI 200,036570,엔씨소프트,KOSPI,,220500,230500,220500,230000,99190,22615956750,2.0,157673.0,48.65,1.46,4728.0,,1460.0,13.63,True,2026-03-29 23:36:01,krx_data_marketplace
2026-03-27,1028,KOSPI 200,039490,키움증권,KOSPI,,404000,438250,400500,435000,102274,43386341500,3.94,210068.0,13.91,2.07,31269.0,,7500.0,8.22,True,2026-03-29 23:36:01,krx_data_marketplace
2026-03-27,1028,KOSPI 200,042660,한화오션,KOSPI,,120500,123400,117300,123200,833837,100361705450,-1.99,15857.0,74.76,7.77,1648.0,,0.0,26.16,True,2026-03-29 23:36:01,krx_data_marketplace
2026-03-27,1028,KOSPI 200,042700,한미반도체,KOSPI,,269000,281000,257000,275500,773071,207308154000,-0.9,5698.0,173.38,48.35,1589.0,,720.0,63.1,True,2026-03-29 23:36:01,krx_data_marketplace
2026-03-27,1028,KOSPI 200,047040,대우건설,KOSPI,,15490,17590,15480,17260,54365132,915472658435,8.55,10444.0,30.28,1.65,570.0,,0.0,22.97,True,2026-03-29 23:36:01,krx_data_marketplace
2026-03-27,1028,KOSPI 200,047050,포스코인터내셔널,KOSPI,,76900,77200,72600,74500,975843,72094386500,-4.73,38397.0,24.68,1.94,3019.0,,1550.0,15.94,True,2026-03-29 23:36:01,krx_data_marketplace
2026-03-27,1028,KOSPI 200,047810,한국항공우주,KOSPI,,181000,188700,177200,186500,471152,86042959050,-0.8,17500.0,105.67,10.66,1765.0,,500.0,44.39,True,2026-03-29 23:36:01,krx_data_marketplace
2026-03-27,1028,KOSPI 200,051600,한전KPS,KOSPI,,58700,59300,57400,59000,258903,15098072700,-2.64,29520.0,15.4,2.0,3832.0,,2469.0,16.83,True,2026-03-29 23:36:01,krx_data_marketplace
2026-03-27,1028,KOSPI 200,051900,LG생활건강,KOSPI,,240500,247500,236500,247500,60981,14863465250,2.27,332194.0,21.94,0.75,11281.0,,3500.0,27.9,True,2026-03-29 23:36:01,krx_data_marketplace
2026-03-27,1028,KOSPI 200,051910,LG화학,KOSPI,,304000,316500,298500,313000,239600,73821790500,-0.32,425221.0,,0.74,,,1000.0,146.58,True,2026-03-29 23:36:01,krx_data_marketplace
2026-03-27,1028,KOSPI 200,052690,한전기술,KOSPI,,159000,159900,150800,157000,205195,31785545300,-4.21,15179.0,102.08,10.34,1538.0,,999.0,84.63,True,2026-03-29 23:36:01,krx_data_marketplace
2026-03-27,1028,KOSPI 200,055550,신한지주,KOSPI,,93400,93900,90000,93500,1363436,125814683500,0.11,112364.0,11.08,0.83,8441.0,,2160.0,8.15,True,2026-03-29 23:36:01,krx_data_marketplace
2026-03-27,1028,KOSPI 200,062040,산일전기,KOSPI,,162100,162500,145000,149300,4238017,625041037050,-11.45,14292.0,47.61,10.45,3136.0,,420.0,21.44,True,2026-03-29 23:36:01,krx_data_marketplace
2026-03-27,1028,KOSPI 200,064350,현대로템,KOSPI,,183100,184700,177500,184200,448796,81332916450,-2.95,18737.0,49.41,9.83,3728.0,,200.0,18.72,True,2026-03-29 23:36:01,krx_data_marketplace
2026-03-27,1028,KOSPI 200,064400,LG씨엔에스,KOSPI,,60000,61300,59100,61100,401019,24077264750,-0.16,24257.0,14.62,2.52,4180.0,,1672.0,11.9,True,2026-03-29 23:36:01,krx_data_marketplace
2026-03-27,1028,KOSPI 200,066570,LG전자,KOSPI,,109100,112200,107700,112000,552035,60737729850,-0.88,116595.0,55.01,0.96,2036.0,,1000.0,11.06,True,2026-03-29 23:36:01,krx_data_marketplace
2026-03-27,1028,KOSPI 200,066970,엘앤에프,KOSPI,,141000,158400,140000,155300,1897659,287913527600,7.47,21264.0,,7.3,,,0.0,126.55,True,2026-03-29 23:36:01,krx_data_marketplace
2026-03-27,1028,KOSPI 200,068270,셀트리온,KOSPI,,200500,207000,199100,206000,466923,95278607800,1.48,78248.0,109.34,2.63,1884.0,,750.0,31.0,True,2026-03-29 23:36:01,krx_data_marketplace
2026-03-27,1028,KOSPI 200,069260,TKG휴켐스,KOSPI,,19200,19210,17840,18200,135378,2458253840,-1.99,22621.0,8.99,0.8,2024.0,,1000.0,7.63,True,2026-03-29 23:36:01,krx_data_marketplace
2026-03-27,1028,KOSPI 200,069620,대웅제약,KOSPI,,159600,167000,158300,167000,32264,5305824500,3.47,69061.0,77.67,2.42,2150.0,,600.0,10.99,True,2026-03-29 23:36:01,krx_data_marketplace
2026-03-27,1028,KOSPI 200,069960,현대백화점,KOSPI,,83800,84800,82600,84500,118710,9923352950,0.0,201113.0,,0.42,,,1400.0,6.88,True,2026-03-29 23:36:01,krx_data_marketplace
2026-03-27,1028,KOSPI 200,071050,한국금융지주,KOSPI,,208000,220000,206000,220000,213218,45774117250,1.85,165262.0,12.36,1.33,17799.0,,3980.0,6.48,True,2026-03-29 23:36:01,krx_data_marketplace
2026-03-27,1028,KOSPI 200,071320,지역난방공사,KOSPI,,82700,82800,78300,79400,104304,8260084300,-11.97,195798.0,4.71,0.41,16850.0,,3879.0,4.97,True,2026-03-29 23:36:01,krx_data_marketplace
2026-03-27,1028,KOSPI 200,071970,HD현대마린엔진,KOSPI,,77100,77500,73300,76700,250911,18841921800,-2.66,9120.0,31.19,8.41,2459.0,,0.0,19.88,True,2026-03-29 23:36:01,krx_data_marketplace
2026-03-27,1028,KOSPI 200,073240,금호타이어,KOSPI,,5980,6270,5930,6250,417551,2567043995,2.46,5990.0,5.53,1.04,1131.0,,0.0,4.18,True,2026-03-29 23:36:01,krx_data_marketplace
2026-03-27,1028,KOSPI 200,078930,GS,KOSPI,,67200,68200,65100,67900,202401,13486603000,0.15,148685.0,11.34,0.46,5988.0,,2700.0,7.63,True,2026-03-29 23:36:01,krx_data_marketplace
2026-03-27,1028,KOSPI 200,079550,LIG넥스원,KOSPI,,723000,746000,709000,735000,289394,210886192000,0.0,55550.0,72.25,13.23,10173.0,,2400.0,40.5,True,2026-03-29 23:36:01,krx_data_marketplace
2026-03-27,1028,KOSPI 200,081660,미스토홀딩스,KOSPI,,39600,40400,39100,40200,133636,5337895550,0.25,33628.0,28.37,1.2,1417.0,,1200.0,7.4,True,2026-03-29 23:36:01,krx_data_marketplace
2026-03-27,1028,KOSPI 200,082740,한화엔진,KOSPI,,47450,47500,45250,46650,518286,23909646475,-5.18,4714.0,48.19,9.9,968.0,,0.0,20.4,True,2026-03-29 23:36:01,krx_data_marketplace
2026-03-27,1028,KOSPI 200,086280,현대글로비스,KOSPI,,221500,232500,218500,231500,166088,37830517750,1.76,116975.0,15.87,1.98,14585.0,,3700.0,9.41,True,2026-03-29 23:36:01,krx_data_marketplace
2026-03-27,1028,KOSPI 200,086790,하나금융지주,KOSPI,,105300,110600,104200,110400,853865,92475120100,1.47,151798.0,8.74,0.73,12629.0,,3600.0,7.16,True,2026-03-29 23:36:01,krx_data_marketplace
2026-03-27,1028,KOSPI 200,088350,한화생명,KOSPI,,4610,4780,4530,4720,4735106,21949493379,-0.21,15697.0,5.04,0.3,936.0,,0.0,7.26,True,2026-03-29 23:36:01,krx_data_marketplace
2026-03-27,1028,KOSPI 200,090430,아모레퍼시픽,KOSPI,,134400,145200,132900,144400,352716,49882341950,6.18,76149.0,16.79,1.9,8601.0,,1125.0,26.8,True,2026-03-29 23:36:01,krx_data_marketplace
2026-03-27,1028,KOSPI 200,093370,후성,KOSPI,,7030,7440,6920,7370,358161,2591779285,2.22,3044.0,,2.42,,,0.0,,True,2026-03-29 23:36:01,krx_data_marketplace
2026-03-27,1028,KOSPI 200,096770,SK이노베이션,KOSPI,,109500,111400,106300,111400,310314,33872874450,0.09,165656.0,,0.67,,,2000.0,123.56,True,2026-03-29 23:36:01,krx_data_marketplace
2026-03-27,1028,KOSPI 200,097950,CJ제일제당,KOSPI,,213000,218000,211000,214500,38090,8171454250,-0.92,490755.0,23.2,0.44,9244.0,,6000.0,8.48,True,2026-03-29 23:36:01,krx_data_marketplace
2026-03-27,1028,KOSPI 200,103140,풍산,KOSPI,,91000,92000,88800,91700,130794,11806268900,-1.93,80518.0,10.61,1.14,8642.0,,2600.0,10.36,True,2026-03-29 23:36:01,krx_data_marketplace
2026-03-27,1028,KOSPI 200,105560,KB금융,KOSPI,,146500,153000,146100,152200,1216855,183511314700,0.0,154949.0,11.82,0.98,12880.0,,3174.0,9.05,True,2026-03-29 23:36:01,krx_data_marketplace
2026-03-27,1028,KOSPI 200,111770,영원무역,KOSPI,,80500,81800,79600,81800,42956,3465588800,0.74,86238.0,8.31,0.95,9846.0,,1400.0,6.16,True,2026-03-29 23:36:01,krx_data_marketplace
2026-03-27,1028,KOSPI 200,112610,씨에스윈드,KOSPI,,60100,61400,59200,60200,312281,18778923900,-3.06,27720.0,17.53,2.17,3434.0,,1000.0,12.32,True,2026-03-29 23:36:01,krx_data_marketplace
2026-03-27,1028,KOSPI 200,114090,GKL,KOSPI,,11490,11890,11330,11880,231317,2694431850,0.76,6686.0,22.25,1.78,534.0,,282.0,12.87,True,2026-03-29 23:36:01,krx_data_marketplace
2026-03-27,1028,KOSPI 200,120110,코오롱인더,KOSPI,,79200,80000,75800,80000,329413,25720060650,-0.62,120405.0,30.58,0.66,2616.0,,1300.0,15.11,True,2026-03-29 23:36:01,krx_data_marketplace
2026-03-27,1028,KOSPI 200,128940,한미약품,KOSPI,,535000,556000,523000,549000,70078,37790657500,-0.36,85558.0,57.38,6.42,9567.0,,1250.0,34.97,True,2026-03-29 23:36:01,krx_data_marketplace
2026-03-27,1028,KOSPI 200,137310,에스디바이오센서,KOSPI,,7760,8130,7750,8130,82193,656142130,2.39,24236.0,,0.34,,,200.0,,True,2026-03-29 23:36:01,krx_data_marketplace
2026-03-27,1028,KOSPI 200,138040,메리츠금융지주,KOSPI,,113200,116900,111200,116400,289409,33141206500,1.93,56153.0,9.5,2.07,12259.0,,1350.0,7.79,True,2026-03-29 23:36:01,krx_data_marketplace
2026-03-27,1028,KOSPI 200,138930,BNK금융지주,KOSPI,,18070,18730,17900,18680,473920,8723415710,1.36,33604.0,8.59,0.56,2174.0,,650.0,6.49,True,2026-03-29 23:36:01,krx_data_marketplace
2026-03-27,1028,KOSPI 200,139130,iM금융지주,KOSPI,,17000,17700,16600,17670,692153,12044120705,4.06,36006.0,15.76,0.49,1121.0,,500.0,5.68,True,2026-03-29 23:36:01,krx_data_marketplace
2026-03-27,1028,KOSPI 200,139480,이마트,KOSPI,,95500,101500,95100,100000,297283,29448362700,2.25,387877.0,,0.26,,,2000.0,11.61,True,2026-03-29 23:36:01,krx_data_marketplace
2026-03-27,1028,KOSPI 200,161390,한국타이어앤테크놀로지,KOSPI,,57300,58400,55400,58000,295280,16895053000,1.05,90995.0,6.35,0.64,9137.0,,2000.0,4.88,True,2026-03-29 23:36:01,krx_data_marketplace
2026-03-27,1028,KOSPI 200,161890,한국콜마,KOSPI,,75200,81500,74800,80200,484072,38603328100,3.62,33579.0,20.94,2.39,3830.0,,720.0,12.51,True,2026-03-29 23:36:01,krx_data_marketplace
2026-03-27,1028,KOSPI 200,175330,JB금융지주,KOSPI,,29400,31350,28950,31100,453295,13968053100,3.67,29348.0,9.04,1.06,3439.0,,995.0,7.7,True,2026-03-29 23:36:01,krx_data_marketplace
2026-03-27,1028,KOSPI 200,180640,한진칼,KOSPI,,117800,117800,112500,117200,86234,9948867200,-0.93,47735.0,15.77,2.46,7434.0,,360.0,,True,2026-03-29 23:36:01,krx_data_marketplace
2026-03-27,1028,KOSPI 200,185750,종근당,KOSPI,,91700,91700,89500,91700,23361,2116785600,0.0,67953.0,11.66,1.35,7866.0,,1100.0,17.16,True,2026-03-29 23:36:01,krx_data_marketplace
2026-03-27,1028,KOSPI 200,192080,더블유게임즈,KOSPI,,50000,50500,49150,50500,47253,2355326825,0.4,57067.0,5.35,0.88,9441.0,,1200.0,5.96,True,2026-03-29 23:36:01,krx_data_marketplace
2026-03-27,1028,KOSPI 200,192820,코스맥스,KOSPI,,188700,208000,185100,205000,146270,29609361000,8.58,41725.0,27.11,4.91,7562.0,,2300.0,16.04,True,2026-03-29 23:36:01,krx_data_marketplace
2026-03-27,1028,KOSPI 200,204320,HL만도,KOSPI,,49950,51400,49300,51200,230794,11657487575,-0.58,53635.0,18.5,0.95,2767.0,,700.0,10.87,True,2026-03-29 23:36:01,krx_data_marketplace
2026-03-27,1028,KOSPI 200,207940,삼성바이오로직스,KOSPI,,1551000,1608000,1537000,1606000,27116,42876318000,1.32,153212.0,105.51,10.48,15221.0,,0.0,39.93,True,2026-03-29 23:36:01,krx_data_marketplace
2026-03-27,1028,KOSPI 200,241560,두산밥캣,KOSPI,,59500,60000,57900,59600,208806,12312850200,-1.49,69807.0,10.55,0.85,5647.0,,1600.0,10.58,True,2026-03-29 23:36:01,krx_data_marketplace
2026-03-27,1028,KOSPI 200,251270,넷마블,KOSPI,,50900,52400,50300,52200,229135,11845257350,1.36,66102.0,166.77,0.79,313.0,,417.0,12.25,True,2026-03-29 23:36:01,krx_data_marketplace
2026-03-27,1028,KOSPI 200,259960,크래프톤,KOSPI,,242000,256000,240000,254500,257487,64720972500,5.38,150187.0,8.9,1.69,28593.0,,0.0,11.49,True,2026-03-29 23:36:01,krx_data_marketplace
2026-03-27,1028,KOSPI 200,267250,HD현대,KOSPI,,256500,257500,247000,257500,118999,30096190500,-3.38,122761.0,35.75,2.1,7203.0,,3600.0,12.53,True,2026-03-29 23:36:01,krx_data_marketplace
2026-03-27,1028,KOSPI 200,267260,HD현대일렉트릭,KOSPI,,933000,937000,887000,915000,164950,149388811000,-5.18,41725.0,65.66,21.93,13935.0,,5350.0,31.67,True,2026-03-29 23:36:01,krx_data_marketplace
2026-03-27,1028,KOSPI 200,268280,미원에스씨,KOSPI,,126500,126500,121900,125800,1100,135915100,-0.79,83441.0,11.27,1.51,11164.0,,2500.0,,True,2026-03-29 23:36:01,krx_data_marketplace
2026-03-27,1028,KOSPI 200,271560,오리온,KOSPI,,131000,134700,129500,134500,147172,19591229450,1.74,87815.0,10.13,1.53,13271.0,,2500.0,10.95,True,2026-03-29 23:36:01,krx_data_marketplace
2026-03-27,1028,KOSPI 200,272210,한화시스템,KOSPI,,123000,125000,118100,124100,1112940,135492902950,-4.32,13316.0,51.24,9.32,2422.0,,350.0,71.86,True,2026-03-29 23:36:01,krx_data_marketplace
2026-03-27,1028,KOSPI 200,278470,에이피알,KOSPI,,307500,329000,307000,327000,225222,72143047000,5.48,8687.0,113.74,37.64,2875.0,,0.0,25.07,True,2026-03-29 23:36:01,krx_data_marketplace
2026-03-27,1028,KOSPI 200,280360,롯데웰푸드,KOSPI,,113400,116400,111900,116200,14881,1711778800,1.84,241452.0,12.14,0.48,9571.0,,3300.0,9.23,True,2026-03-29 23:36:01,krx_data_marketplace
2026-03-27,1028,KOSPI 200,282330,BGF리테일,KOSPI,,124300,131300,124000,130300,102748,13217067800,4.16,68546.0,11.53,1.9,11301.0,,4100.0,10.53,True,2026-03-29 23:36:01,krx_data_marketplace
2026-03-27,1028,KOSPI 200,285130,SK케미칼,KOSPI,,54800,55000,52500,55000,50215,2698074700,1.29,114678.0,146.28,0.48,376.0,,1150.0,11.69,True,2026-03-29 23:36:01,krx_data_marketplace
2026-03-27,1028,KOSPI 200,298020,효성티앤씨,KOSPI,,383500,417500,377000,401500,47944,19223316000,3.08,338062.0,12.88,1.19,31175.0,,10000.0,11.38,True,2026-03-29 23:36:01,krx_data_marketplace
2026-03-27,1028,KOSPI 200,298040,효성중공업,KOSPI,,2785000,2787000,2601000,2676000,65913,175789633000,-6.43,204958.0,111.92,13.06,23909.0,,5000.0,29.21,True,2026-03-29 23:36:01,krx_data_marketplace
2026-03-27,1028,KOSPI 200,298050,HS효성첨단소재,KOSPI,,213000,226000,211500,226000,14030,3093209250,2.03,233784.0,20.26,0.97,11154.0,,6500.0,14.37,True,2026-03-29 23:36:01,krx_data_marketplace
2026-03-27,1028,KOSPI 200,300720,한일시멘트,KOSPI,,16400,16570,15990,16530,87990,1434418240,-0.36,24826.0,6.22,0.67,2657.0,,1000.0,18.61,True,2026-03-29 23:36:01,krx_data_marketplace
2026-03-27,1028,KOSPI 200,302440,SK바이오사이언스,KOSPI,,42000,43200,41500,43200,75398,3199690475,1.29,23007.0,,1.88,,,0.0,,True,2026-03-29 23:36:01,krx_data_marketplace
2026-03-27,1028,KOSPI 200,307950,현대오토에버,KOSPI,,376000,396000,367000,394000,58858,22579472250,1.68,62189.0,63.26,6.34,6228.0,,1780.0,44.85,True,2026-03-29 23:36:01,krx_data_marketplace
2026-03-27,1028,KOSPI 200,316140,우리금융지주,KOSPI,,32550,33750,32250,33600,1360207,45099048575,1.2,45919.0,8.51,0.73,3950.0,,1200.0,7.34,True,2026-03-29 23:36:01,krx_data_marketplace
2026-03-27,1028,KOSPI 200,323410,카카오뱅크,KOSPI,,24000,24750,23650,24650,536792,13027621850,0.61,13727.0,26.68,1.8,924.0,,360.0,20.17,True,2026-03-29 23:36:01,krx_data_marketplace
2026-03-27,1028,KOSPI 200,326030,SK바이오팜,KOSPI,,103500,103700,96300,100300,513839,51039575500,5.91,6975.0,32.63,14.38,3074.0,,0.0,26.01,True,2026-03-29 23:36:01,krx_data_marketplace
2026-03-27,1028,KOSPI 200,329180,HD현대중공업,KOSPI,,494000,500000,480000,498500,227698,111688932500,-2.45,64259.0,71.2,7.76,7001.0,,2090.0,18.4,True,2026-03-29 23:36:01,krx_data_marketplace
2026-03-27,1028,KOSPI 200,352820,하이브,KOSPI,,298000,308500,293000,307000,211067,63536148750,0.99,77427.0,1364.44,3.97,225.0,,200.0,30.79,True,2026-03-29 23:36:01,krx_data_marketplace
2026-03-27,1028,KOSPI 200,361610,SK아이이테크놀로지,KOSPI,,20750,21750,20100,21650,263164,5557237975,2.85,32604.0,,0.66,,,0.0,,True,2026-03-29 23:36:01,krx_data_marketplace
2026-03-27,1028,KOSPI 200,373220,LG에너지솔루션,KOSPI,,374000,396000,366000,394500,372863,143166970250,2.6,90240.0,,4.37,,,0.0,136.7,True,2026-03-29 23:36:01,krx_data_marketplace
2026-03-27,1028,KOSPI 200,375500,DL이앤씨,KOSPI,,67600,67800,63200,65800,1465022,96173498550,-0.9,114139.0,12.16,0.58,5413.0,,540.0,8.03,True,2026-03-29 23:36:01,krx_data_marketplace
2026-03-27,1028,KOSPI 200,377300,카카오페이,KOSPI,,50600,53600,50000,53500,432141,22570160800,1.9,13824.0,,3.87,,,0.0,75.53,True,2026-03-29 23:36:01,krx_data_marketplace
2026-03-27,1028,KOSPI 200,383220,F&F,KOSPI,,61600,65200,61100,65000,81931,5242308700,4.33,41565.0,6.84,1.56,9504.0,,1700.0,6.18,True,2026-03-29 23:36:01,krx_data_marketplace
2026-03-27,1028,KOSPI 200,402340,SK스퀘어,KOSPI,,528000,549000,521000,544000,616056,331120880000,-2.51,142904.0,19.59,3.81,27772.0,,0.0,2.73,True,2026-03-29 23:36:01,krx_data_marketplace
2026-03-27,1028,KOSPI 200,443060,HD현대마린솔루션,KOSPI,,174100,187300,172300,183900,167431,30305353950,2.79,17402.0,34.67,10.57,5304.0,,3150.0,22.02,True,2026-03-29 23:36:01,krx_data_marketplace
2026-03-27,1028,KOSPI 200,450080,에코프로머티,KOSPI,,68700,74500,66500,73400,1977175,141099688000,5.01,10577.0,,6.94,,,0.0,70.25,True,2026-03-29 23:36:01,krx_data_marketplace
2026-03-27,1028,KOSPI 200,454910,두산로보틱스,KOSPI,,82400,85400,81100,84900,166771,13822831450,-0.59,6210.0,,13.67,,,0.0,,True,2026-03-29 23:36:01,krx_data_marketplace
2026-03-27,1028,KOSPI 200,457190,이수스페셜티케미컬,KOSPI,,90200,97700,89700,94400,329837,30951050400,2.94,4063.0,263.69,23.23,358.0,,0.0,502.66,True,2026-03-29 23:36:01,krx_data_marketplace
